epoch,train_loss,val_loss,train_error1,val_error1,train_error5,val_error5
1,1.959932620010376,1.7652127351760865,72.062,66.96000000000001,20.238,13.420000000000002
2,1.7248439324951172,1.6662925106048585,63.586,61.12,12.959999999999994,11.36
3,1.5518439778900146,1.6838340452194214,56.978,61.68,9.328000000000003,11.25
4,1.3966520012664796,1.4298851593017579,50.448,52.07,6.890000000000001,6.8700000000000045
5,1.2898460876464843,1.437918867301941,46.446,51.31,5.799999999999997,7.200000000000003
6,1.1852261470794678,1.263910908317566,42.588,46.03,4.650000000000006,4.859999999999999
7,1.108345805091858,1.4179426364898682,39.68,48.0,3.9939999999999998,7.0
8,1.0466488499832154,1.3111494915008546,37.264,45.56,3.5600000000000023,4.840000000000003
9,0.9738804976081848,1.2495358682632447,34.658,43.44,2.9380000000000024,4.599999999999994
10,0.9059791419792176,1.184956650543213,32.0,41.39,2.6200000000000045,3.450000000000003
11,0.8600681427955628,1.114469674873352,30.221999999999994,36.68,2.3100000000000023,4.700000000000003
12,0.8184604070091247,1.0726462969779968,28.778000000000006,36.42,2.0460000000000065,4.819999999999993
13,0.7682010995101929,1.217674418449402,26.982,39.25,1.715999999999994,5.359999999999999
14,0.7349280348014832,0.96778592004776,25.864000000000004,32.870000000000005,1.593999999999994,2.9599999999999937
15,0.7106721827697754,1.017827975654602,24.882000000000005,33.959999999999994,1.5019999999999953,4.329999999999998
16,0.6670039702987671,0.996894605255127,23.367999999999995,33.989999999999995,1.3460000000000036,2.9399999999999977
17,0.6419652320480347,1.1212251792907715,22.512,35.769999999999996,1.2139999999999986,2.6899999999999977
18,0.6191690312194824,0.9938291839599609,21.534000000000006,32.129999999999995,1.1039999999999992,3.3799999999999955
19,0.5842495368766785,0.7541030217170716,20.361999999999995,25.510000000000005,0.9740000000000038,1.7099999999999937
20,0.5698399736404419,0.8445630725860596,19.914,27.769999999999996,0.9080000000000013,1.9699999999999989
21,0.5470534283065795,0.779445177936554,19.168000000000006,26.590000000000003,0.8539999999999992,1.5999999999999943
22,0.5210466418933868,0.8517792388916016,18.042,27.400000000000006,0.7900000000000063,1.8499999999999943
23,0.5100462845230103,0.7149098218917846,17.754000000000005,23.849999999999994,0.730000000000004,1.8499999999999943
24,0.4873016772556305,0.9155613813400268,16.912000000000006,29.28,0.6419999999999959,3.230000000000004
25,0.4734408800697327,0.9191564567565917,16.430000000000007,27.650000000000006,0.6380000000000052,2.8299999999999983
26,0.45889602687835696,0.9200814133644104,16.11,29.42,0.5799999999999983,2.6099999999999994
27,0.4503947733306885,0.611871022939682,15.798000000000002,20.290000000000006,0.6260000000000048,1.1500000000000057
28,0.42994854988098147,0.6680664865493774,15.093999999999994,21.97,0.4959999999999951,1.3199999999999932
29,0.42944326491355894,0.7737258016586304,14.975999999999999,24.810000000000002,0.49800000000000466,2.6500000000000057
30,0.41442689929962157,0.8625870769500732,14.494,27.150000000000006,0.4959999999999951,1.2999999999999972
31,0.406832655544281,0.6727929001808166,14.260000000000005,22.120000000000005,0.45600000000000307,1.4500000000000028
32,0.3928327494239807,0.7848420161247254,13.75,23.989999999999995,0.39000000000000057,1.2800000000000011
33,0.3833489501571655,0.7175874677658081,13.272000000000006,23.689999999999998,0.39799999999999613,1.4699999999999989
34,0.3774917098903656,0.5630132380485535,13.239999999999995,19.010000000000005,0.39799999999999613,0.8400000000000034
35,0.36783788553237917,0.7359839046478271,12.858000000000004,22.930000000000007,0.4240000000000066,1.9200000000000017
36,0.36087987281799316,0.8773543623924256,12.718000000000004,27.730000000000004,0.34600000000000364,1.1500000000000057
37,0.35367926874160766,0.5496493018150329,12.593999999999994,18.049999999999997,0.3539999999999992,1.0300000000000011
38,0.34693344758987427,0.7689677987098694,12.194000000000003,24.049999999999997,0.38800000000000523,2.0999999999999943
39,0.33686288619041443,0.6140518951416015,11.813999999999993,20.849999999999994,0.2639999999999958,1.1400000000000006
40,0.33922685766220095,0.5934590106010437,11.846000000000004,19.310000000000002,0.2819999999999965,0.9000000000000057
41,0.3344614121341705,0.6279123957157136,11.762,20.22,0.2600000000000051,1.3299999999999983
42,0.3223907485771179,0.5355810312271119,11.310000000000002,17.450000000000003,0.25,0.7999999999999972
43,0.3081201463127136,0.5279624351501465,10.846000000000004,17.159999999999997,0.2259999999999991,0.8400000000000034
44,0.31267703332901003,0.5060695761919022,11.081999999999994,16.650000000000006,0.2219999999999942,0.8199999999999932
45,0.30006565720558165,0.5698142191886902,10.441999999999993,18.200000000000003,0.21999999999999886,0.8400000000000034
46,0.2994391075897217,0.5635266463279724,10.507999999999996,17.549999999999997,0.23199999999999932,0.7999999999999972
47,0.2930186423587799,0.5461120207786561,10.334000000000003,17.310000000000002,0.18999999999999773,1.1099999999999994
48,0.2863888285446167,0.5163506422996521,10.031999999999996,16.939999999999998,0.17799999999999727,0.8100000000000023
49,0.28347479291915895,0.5941013610839844,10.102000000000004,17.83,0.21399999999999864,0.7199999999999989
50,0.2753655487632751,0.6074186860084534,9.816000000000003,19.150000000000006,0.1460000000000008,0.9099999999999966
51,0.27568755153656005,0.6699915007591247,9.819999999999993,20.159999999999997,0.15800000000000125,1.2000000000000028
52,0.2689991810798645,0.5578550716876983,9.620000000000005,18.060000000000002,0.16599999999999682,0.7800000000000011
53,0.26329681126594545,0.5596733470439911,9.209999999999994,17.430000000000007,0.15200000000000102,1.0300000000000011
54,0.26377434892654417,0.502815123462677,9.195999999999998,16.090000000000003,0.16599999999999682,0.5499999999999972
55,0.2601385402584076,0.49705516748428347,9.156000000000006,16.019999999999996,0.15200000000000102,0.7900000000000063
56,0.25800107021331786,0.49591161155700686,9.197999999999993,15.489999999999995,0.12199999999999989,0.8299999999999983
57,0.2547362693119049,0.532549232006073,9.093999999999994,16.450000000000003,0.14400000000000546,0.75
58,0.24695820241928101,0.5473072662353515,8.841999999999999,17.180000000000007,0.12600000000000477,0.7900000000000063
59,0.24450617223739624,0.503845226573944,8.616,15.829999999999998,0.15000000000000568,0.6400000000000006
60,0.24174109210968017,0.571158925819397,8.507999999999996,17.17,0.12600000000000477,0.8100000000000023
61,0.24011055178642274,0.49229978008270264,8.614000000000004,15.75,0.14000000000000057,0.6899999999999977
62,0.23589861037731172,0.5315119215011597,8.396,15.909999999999997,0.11199999999999477,0.730000000000004
63,0.23681781198978424,0.5361083879947662,8.406000000000006,16.340000000000003,0.14000000000000057,0.6700000000000017
64,0.2284311664867401,0.4763028874874115,8.072000000000003,15.019999999999996,0.10599999999999454,0.7199999999999989
65,0.2241774232530594,0.50801618475914,8.031999999999996,15.950000000000003,0.08799999999999386,0.5999999999999943
66,0.22500653180122376,0.5233255672454834,7.992000000000004,15.629999999999995,0.08199999999999363,0.6299999999999955
67,0.22278867905139924,0.48583590106964114,7.959999999999994,15.060000000000002,0.09799999999999898,0.6400000000000006
68,0.21178479823112487,0.5896240720748901,7.518000000000001,17.769999999999996,0.1039999999999992,0.9899999999999949
69,0.21485611974716187,0.5604527269363403,7.581999999999994,16.959999999999994,0.08400000000000318,0.8299999999999983
70,0.21124404965400695,0.45771016721725466,7.689999999999998,14.159999999999997,0.06799999999999784,0.6700000000000017
71,0.20825912786960601,0.4684936180114746,7.358000000000004,14.329999999999998,0.09999999999999432,0.7000000000000028
72,0.2094248177099228,0.4924141459941864,7.424000000000007,15.36,0.0759999999999934,0.7099999999999937
73,0.20481242849349976,0.4978295714378357,7.364000000000004,15.079999999999998,0.060000000000002274,0.7999999999999972
74,0.19667103713035583,0.47494216346740725,6.9339999999999975,14.549999999999997,0.058000000000006935,0.6599999999999966
75,0.20560470682144166,0.5901945679187774,7.367999999999995,17.97,0.0759999999999934,0.7099999999999937
76,0.19430275927543642,0.48544627170562743,6.900000000000006,14.510000000000005,0.055999999999997385,0.7399999999999949
77,0.19409909598827363,0.4673314260959625,7.022000000000006,14.319999999999993,0.04200000000000159,0.7000000000000028
78,0.1928528786277771,0.5155908619880676,6.864000000000004,15.400000000000006,0.054000000000002046,0.7399999999999949
79,0.19741344552993775,0.49894976291656495,7.109999999999999,14.799999999999997,0.06799999999999784,0.5300000000000011
80,0.18878982204675673,0.48510824925899504,6.730000000000004,15.120000000000005,0.055999999999997385,0.6400000000000006
81,0.18830767052650452,0.5453325975418091,6.695999999999998,15.89,0.0660000000000025,0.6500000000000057
82,0.18317648500919342,0.6696325874328614,6.602000000000004,18.650000000000006,0.058000000000006935,1.1299999999999955
83,0.1832594936656952,0.5002111302852631,6.536000000000001,14.36,0.0660000000000025,0.7900000000000063
84,0.1764129633808136,0.48591844029426573,6.260000000000005,14.61,0.058000000000006935,0.7199999999999989
85,0.18321580512046814,0.530894725894928,6.548000000000002,15.769999999999996,0.04399999999999693,0.9200000000000017
86,0.18136126078128814,0.47091848077774046,6.430000000000007,14.060000000000002,0.054000000000002046,0.6400000000000006
87,0.17567901462554933,0.47160727920532225,6.340000000000003,14.36,0.04000000000000625,0.6500000000000057
88,0.17198965817451478,0.4797868999481201,6.0660000000000025,14.299999999999997,0.04200000000000159,0.6700000000000017
89,0.17700571597099304,0.46089509344100954,6.268000000000001,13.620000000000005,0.04800000000000182,0.7600000000000051
90,0.17365792864322663,0.46829846973419187,6.072000000000003,13.900000000000006,0.054000000000002046,0.7099999999999937
91,0.165015456199646,0.4670652689933777,5.8359999999999985,13.950000000000003,0.04000000000000625,0.6500000000000057
92,0.16883193207740785,0.4558040888786316,6.111999999999995,13.629999999999995,0.058000000000006935,0.7099999999999937
93,0.16679579838752748,0.5178273028373718,5.878,14.719999999999999,0.04600000000000648,0.6599999999999966
94,0.16361965384483337,0.46799296169281007,5.813999999999993,13.739999999999995,0.05200000000000671,0.8100000000000023
95,0.1610051765537262,0.5639736380577087,5.837999999999994,15.569999999999993,0.02200000000000557,0.8900000000000006
96,0.16178609984397888,0.4790064266681671,5.768000000000001,14.299999999999997,0.034000000000006025,0.7000000000000028
97,0.15989743520259858,0.46828342700004577,5.804000000000002,13.439999999999998,0.034000000000006025,0.6899999999999977
98,0.1563135729932785,0.6034760536193847,5.510000000000005,16.92,0.01999999999999602,0.5999999999999943
99,0.15479548197746276,0.5001845120906829,5.6059999999999945,14.480000000000004,0.02599999999999625,0.8299999999999983
100,0.1579384014415741,0.46301265134811403,5.640000000000001,13.799999999999997,0.04000000000000625,0.5300000000000011
101,0.1541559400701523,0.4707668967247009,5.438000000000002,13.680000000000007,0.0379999999999967,0.7600000000000051
102,0.14927452423095702,0.672279598236084,5.390000000000001,18.099999999999994,0.031999999999996476,1.0699999999999932
103,0.14946318677425385,0.5207361426830291,5.2180000000000035,14.519999999999996,0.030000000000001137,0.7800000000000011
104,0.14758007774353027,0.5146704031705857,5.304000000000002,14.870000000000005,0.030000000000001137,0.769999999999996
105,0.1399924974822998,0.542532661819458,4.977999999999994,15.239999999999995,0.04000000000000625,0.7000000000000028
106,0.14739629998207093,0.5355513771057129,5.298000000000002,14.780000000000001,0.030000000000001137,0.75
107,0.143848051071167,0.45456496601104734,5.197999999999993,12.709999999999994,0.01999999999999602,0.5900000000000034
108,0.13750560161590575,0.5435412912368774,4.975999999999999,14.560000000000002,0.028000000000005798,0.7900000000000063
109,0.1407508503818512,0.46152523050308225,5.019999999999996,13.290000000000006,0.02200000000000557,0.6299999999999955
110,0.13842229457616806,0.47787449412345884,5.037999999999997,14.180000000000007,0.02200000000000557,0.7199999999999989
111,0.13941856646060943,0.48139627866744994,4.909999999999997,13.849999999999994,0.016000000000005343,0.6099999999999994
112,0.14090768584728242,0.5412383702278137,4.9879999999999995,14.659999999999997,0.02599999999999625,0.769999999999996
113,0.1350645438861847,0.5561931220531464,4.852000000000004,15.829999999999998,0.02400000000000091,0.6299999999999955
114,0.14163035045146943,0.5328942201852799,5.122,14.480000000000004,0.028000000000005798,0.6899999999999977
115,0.13460892234325408,0.5151663396596908,4.884,14.340000000000003,0.02200000000000557,0.7600000000000051
116,0.13377047513008117,0.49988894715309146,4.793999999999997,13.799999999999997,0.028000000000005798,0.6200000000000045
117,0.13352791208267212,0.5012937670707702,4.837999999999994,14.060000000000002,0.012000000000000455,0.5699999999999932
118,0.13063397480010985,0.49832539234161377,4.6640000000000015,13.569999999999993,0.012000000000000455,0.6800000000000068
119,0.1270959264755249,0.5178843117713928,4.480000000000004,13.540000000000006,0.013999999999995794,0.8100000000000023
120,0.12768658136367797,0.5302877393722534,4.646000000000001,14.209999999999994,0.018000000000000682,0.8199999999999932
121,0.1289850159406662,0.4503836851119995,4.575999999999993,12.829999999999998,0.013999999999995794,0.5900000000000034
122,0.12850015109777452,0.47032865467071533,4.596000000000004,13.11,0.010000000000005116,0.6299999999999955
123,0.12441477064609528,0.6231208217620849,4.430000000000007,15.150000000000006,0.018000000000000682,0.7900000000000063
124,0.12422857553482056,0.5926802448272706,4.513999999999996,15.450000000000003,0.010000000000005116,0.7199999999999989
125,0.12434514811038971,0.5234953841209412,4.481999999999999,13.989999999999995,0.018000000000000682,0.769999999999996
126,0.12705055421829223,0.592142805147171,4.626000000000005,16.36,0.007999999999995566,0.9099999999999966
127,0.12189763040542602,0.5291907637119293,4.359999999999999,14.459999999999994,0.01999999999999602,0.5499999999999972
128,0.11724278089523316,0.6137474923610687,4.180000000000007,15.930000000000007,0.018000000000000682,0.6899999999999977
129,0.12141851129531861,0.5488197678565979,4.367999999999995,14.400000000000006,0.016000000000005343,0.8900000000000006
130,0.11934911529064178,0.5072337979793549,4.274000000000001,13.709999999999994,0.013999999999995794,0.6800000000000068
131,0.11645898878097534,0.5591808646202088,4.207999999999998,14.480000000000004,0.007999999999995566,0.8799999999999955
132,0.1188926351261139,0.5209394713878631,4.310000000000002,13.790000000000006,0.018000000000000682,0.6099999999999994
133,0.11357279846191407,0.48619716095924376,4.054000000000002,13.260000000000005,0.013999999999995794,0.6700000000000017
134,0.11805852513313293,0.5476384654998779,4.251999999999995,14.459999999999994,0.02200000000000557,0.7099999999999937
135,0.11310292703151703,0.451905077123642,4.0660000000000025,12.219999999999999,0.010000000000005116,0.5400000000000063
136,0.11399937736034393,0.5235953504562378,4.049999999999997,13.769999999999996,0.013999999999995794,0.5699999999999932
137,0.1139422390127182,0.5093716723442078,4.018000000000001,13.0,0.012000000000000455,0.5799999999999983
138,0.11705889337062836,0.5890472333908081,4.231999999999999,14.819999999999993,0.013999999999995794,0.7199999999999989
139,0.11108124115467072,0.5197881541252136,4.007999999999996,13.920000000000002,0.010000000000005116,0.6500000000000057
140,0.11092879601478577,0.4877880482435226,3.896000000000001,13.040000000000006,0.010000000000005116,0.6899999999999977
141,0.10759685321807862,0.562962052154541,3.8259999999999934,14.5,0.012000000000000455,0.6400000000000006
142,0.10578911635875701,0.5010625453233719,3.7480000000000047,13.560000000000002,0.010000000000005116,0.730000000000004
143,0.10974808880090714,0.5366327745437622,3.906000000000006,13.780000000000001,0.007999999999995566,0.8100000000000023
144,0.1069760736656189,0.47602466306686403,3.8160000000000025,12.459999999999994,0.010000000000005116,0.5100000000000051
145,0.10712262782096862,0.572407945728302,3.843999999999994,14.510000000000005,0.010000000000005116,0.8700000000000045
146,0.1105191878604889,0.4742240206718445,3.941999999999993,12.430000000000007,0.016000000000005343,0.6299999999999955
147,0.10392012797355651,0.5111553888320923,3.774000000000001,13.650000000000006,0.013999999999995794,0.5499999999999972
148,0.10234288660526275,0.5237600841522216,3.5759999999999934,13.989999999999995,0.006000000000000227,0.6500000000000057
149,0.10175148535013198,0.477645453453064,3.6359999999999957,12.64,0.016000000000005343,0.5799999999999983
150,0.10305458226203919,0.5109746537685395,3.676000000000002,13.239999999999995,0.006000000000000227,0.6099999999999994
151,0.09801910047054291,0.5318113607883453,3.3940000000000055,13.469999999999999,0.006000000000000227,0.6200000000000045
152,0.10317450539112091,0.5335578057289123,3.7099999999999937,13.329999999999998,0.012000000000000455,0.7600000000000051
153,0.10311682086467742,0.5261584208965302,3.7579999999999956,13.920000000000002,0.016000000000005343,0.8400000000000034
154,0.09907958961725236,0.4725580955028534,3.5160000000000053,12.39,0.007999999999995566,0.5600000000000023
155,0.0984415841960907,0.5351108542442322,3.549999999999997,13.370000000000005,0.007999999999995566,0.6800000000000068
156,0.09798790672063827,0.5048715951919556,3.5079999999999956,12.989999999999995,0.0040000000000048885,0.5
157,0.10165607427835464,0.6216630983352661,3.6239999999999952,16.03,0.010000000000005116,0.6800000000000068
158,0.09710228701591492,0.5391279335021972,3.4740000000000038,13.379999999999995,0.0040000000000048885,0.5900000000000034
159,0.09414592144012451,0.4492737539291382,3.3319999999999936,11.670000000000002,0.001999999999995339,0.519999999999996
160,0.09329126571416854,0.4696823523044586,3.298000000000002,12.299999999999997,0.010000000000005116,0.5799999999999983
161,0.09428273853421211,0.6039892292022705,3.382000000000005,14.480000000000004,0.010000000000005116,0.7600000000000051
162,0.09270194848775863,0.5058047921657562,3.2900000000000063,12.480000000000004,0.007999999999995566,0.4899999999999949
163,0.09315040441989898,0.5319879004478455,3.3020000000000067,13.290000000000006,0.007999999999995566,1.0100000000000051
164,0.09708519132614135,0.5000882804393768,3.4819999999999993,12.950000000000003,0.013999999999995794,0.6299999999999955
165,0.09014294319629669,0.5133214825630188,3.284000000000006,12.900000000000006,0.0,0.5799999999999983
166,0.09221631959915161,0.4528729969024658,3.2439999999999998,12.299999999999997,0.012000000000000455,0.5
167,0.08935148654460907,0.5532305692195892,3.132000000000005,13.739999999999995,0.006000000000000227,0.7099999999999937
168,0.09370625423431396,0.5186101530075073,3.4000000000000057,12.819999999999993,0.007999999999995566,0.7600000000000051
169,0.08970440977633,0.4997113025665283,3.186000000000007,12.739999999999995,0.006000000000000227,0.519999999999996
170,0.0874024521946907,0.536316641998291,3.0120000000000005,13.349999999999994,0.012000000000000455,0.6500000000000057
171,0.086211194627285,0.5144864497184753,3.0559999999999974,12.810000000000002,0.0040000000000048885,0.6599999999999966
172,0.08964178291559219,0.5059120218276978,3.1500000000000057,12.379999999999995,0.010000000000005116,0.5900000000000034
173,0.08582112915515899,0.5592067306041717,3.146000000000001,13.400000000000006,0.007999999999995566,0.6099999999999994
174,0.08651948444843292,0.49121140146255493,3.1059999999999945,12.150000000000006,0.010000000000005116,0.5600000000000023
175,0.08414046881198883,0.4685817160606384,2.9779999999999944,11.939999999999998,0.006000000000000227,0.5300000000000011
176,0.0860760552930832,0.5541904883384705,3.0060000000000002,13.790000000000006,0.001999999999995339,0.7999999999999972
177,0.08689926808476447,0.5039188946723938,3.0960000000000036,12.400000000000006,0.007999999999995566,0.6299999999999955
178,0.08652187149047852,0.5163615612983704,3.048000000000002,12.659999999999997,0.007999999999995566,0.5900000000000034
179,0.08636449668884277,0.5485270016670227,3.043999999999997,13.170000000000002,0.001999999999995339,0.7000000000000028
180,0.08557571744441986,0.5721960863113403,3.0360000000000014,13.579999999999998,0.010000000000005116,0.7900000000000063
181,0.08337743077754975,0.4996699584007263,3.054000000000002,12.64,0.001999999999995339,0.5100000000000051
182,0.07815620475292206,0.5004007430791855,2.799999999999997,12.519999999999996,0.007999999999995566,0.6899999999999977
183,0.08180658540725708,0.48191502413749693,2.930000000000007,12.319999999999993,0.007999999999995566,0.6400000000000006
184,0.08097131132125855,0.5052153738260269,2.950000000000003,12.599999999999994,0.0,0.5300000000000011
185,0.09075673820972442,0.6165704375743866,3.3640000000000043,14.780000000000001,0.010000000000005116,0.6700000000000017
186,0.08014100827217102,0.5185090273857117,2.8460000000000036,12.760000000000005,0.001999999999995339,0.5999999999999943
187,0.07769230358600616,0.45631696376800535,2.6539999999999964,11.469999999999999,0.006000000000000227,0.6200000000000045
188,0.07970472051739692,0.47029523875713347,2.774000000000001,11.959999999999994,0.006000000000000227,0.5499999999999972
189,0.07805270192623139,0.5560832781791687,2.7180000000000035,12.86,0.006000000000000227,0.6899999999999977
190,0.07815012551784516,0.5197826286315917,2.7759999999999962,12.629999999999995,0.0,0.6400000000000006
191,0.07819869705677032,0.559470014667511,2.7819999999999965,13.420000000000002,0.010000000000005116,0.5100000000000051
192,0.076187266395092,0.500994947052002,2.7720000000000056,12.329999999999998,0.001999999999995339,0.5799999999999983
193,0.07833610449671745,0.5137063468933105,2.7579999999999956,12.5,0.006000000000000227,0.6500000000000057
194,0.07313327100992202,0.4919279198169708,2.6260000000000048,12.349999999999994,0.010000000000005116,0.7000000000000028
195,0.07322063817024231,0.5531967490196228,2.5819999999999936,13.519999999999996,0.0040000000000048885,0.730000000000004
196,0.07736371908307076,0.5212345618247985,2.7339999999999947,12.61,0.007999999999995566,0.6400000000000006
197,0.07633102977752686,0.4596672123670578,2.7240000000000038,11.61,0.001999999999995339,0.5499999999999972
198,0.07544899008512497,0.5354350534439087,2.769999999999996,12.689999999999998,0.006000000000000227,0.6700000000000017
199,0.07596885339736939,0.49404794931411744,2.646000000000001,12.200000000000003,0.001999999999995339,0.5900000000000034
200,0.07639958629369736,0.45419616298675536,2.706000000000003,11.269999999999996,0.0040000000000048885,0.5400000000000063
201,0.07109624242067338,0.45636354913711547,2.5420000000000016,11.400000000000006,0.001999999999995339,0.480000000000004
202,0.07082355680584908,0.5414888809204101,2.451999999999998,12.739999999999995,0.0040000000000048885,0.6299999999999955
203,0.06808895534992218,0.4979350606918335,2.4279999999999973,11.980000000000004,0.0,0.6500000000000057
204,0.0754189341211319,0.5703508473873139,2.6899999999999977,12.980000000000004,0.0040000000000048885,0.6599999999999966
205,0.07056443727970123,0.5244093413352966,2.554000000000002,12.780000000000001,0.0,0.5100000000000051
206,0.07277662329912185,0.516551639842987,2.4980000000000047,12.379999999999995,0.0040000000000048885,0.6099999999999994
207,0.07086229323387146,0.5082588117599487,2.495999999999995,12.379999999999995,0.006000000000000227,0.5600000000000023
208,0.06812438601016998,0.5134937685966492,2.432000000000002,12.329999999999998,0.001999999999995339,0.5999999999999943
209,0.06952685786247254,0.631355239200592,2.5559999999999974,14.340000000000003,0.001999999999995339,0.8400000000000034
210,0.06973252845287323,0.5020344712257385,2.510000000000005,11.739999999999995,0.012000000000000455,0.5300000000000011
211,0.06777539563417434,0.535928307723999,2.456000000000003,13.260000000000005,0.001999999999995339,0.480000000000004
212,0.06416280876159668,0.4655593176841736,2.304000000000002,11.280000000000001,0.001999999999995339,0.5799999999999983
213,0.07000135241746902,0.5288356823921203,2.486000000000004,12.409999999999997,0.0040000000000048885,0.5999999999999943
214,0.06621787747442723,0.5070945010185242,2.3160000000000025,11.959999999999994,0.0040000000000048885,0.45000000000000284
215,0.06550024638175965,0.49185878968238833,2.284000000000006,11.760000000000005,0.007999999999995566,0.519999999999996
216,0.06697078459501267,0.5017941821098327,2.323999999999998,12.260000000000005,0.0040000000000048885,0.5799999999999983
217,0.0634455585193634,0.5259453494548798,2.2920000000000016,12.459999999999994,0.0040000000000048885,0.6400000000000006
218,0.06824542773127557,0.5143874999046326,2.4000000000000057,12.060000000000002,0.001999999999995339,0.7399999999999949
219,0.06513445266485214,0.5581591326713562,2.3760000000000048,12.810000000000002,0.006000000000000227,0.6500000000000057
220,0.06245160486459732,0.5233465620040894,2.2759999999999962,12.0,0.0040000000000048885,0.5900000000000034
221,0.06524957249879837,0.5290093481063842,2.2860000000000014,12.689999999999998,0.0040000000000048885,0.6299999999999955
222,0.062141323020458224,0.5073221452713013,2.156000000000006,11.709999999999994,0.0040000000000048885,0.5600000000000023
223,0.06354641819953918,0.5506387972831726,2.215999999999994,12.790000000000006,0.0,0.5
224,0.06521590754270554,0.5230398223161697,2.347999999999999,12.209999999999994,0.0040000000000048885,0.46999999999999886
225,0.06198606766700745,0.5001913143634796,2.1680000000000064,11.870000000000005,0.0040000000000048885,0.6299999999999955
226,0.06025376437664032,0.5749462913990021,2.147999999999996,13.260000000000005,0.001999999999995339,0.519999999999996
227,0.0615520126914978,0.5071948438882827,2.1119999999999948,11.799999999999997,0.006000000000000227,0.6299999999999955
228,0.0634637667798996,0.5429470740318298,2.2439999999999998,12.560000000000002,0.001999999999995339,0.5799999999999983
229,0.06291925891637802,0.5381453482627868,2.2620000000000005,12.239999999999995,0.0040000000000048885,0.5600000000000023
230,0.06291424252092838,0.6092977777823806,2.254000000000005,13.670000000000002,0.0,0.6899999999999977
231,0.057468051278591156,0.48115630649328234,2.0720000000000027,11.340000000000003,0.001999999999995339,0.6099999999999994
232,0.05710510804414749,0.5137161658287048,2.043999999999997,11.86,0.001999999999995339,0.6200000000000045
233,0.062039470851421356,0.46567632484436033,2.2319999999999993,10.959999999999994,0.0,0.5100000000000051
234,0.05753320370912552,0.489447488117218,1.9740000000000038,11.409999999999997,0.001999999999995339,0.46999999999999886
235,0.055190415186882016,0.5318143666744232,1.980000000000004,12.769999999999996,0.0,0.5
236,0.05608180261135101,0.5444351455450058,2.0259999999999962,12.400000000000006,0.0040000000000048885,0.8100000000000023
237,0.06126576346874237,0.5527908400058746,2.1400000000000006,12.319999999999993,0.0,0.6800000000000068
238,0.05626779764890671,0.5028805078029632,1.9719999999999942,11.489999999999995,0.001999999999995339,0.5499999999999972
239,0.05544571011245251,0.5123164946556091,1.9779999999999944,11.469999999999999,0.001999999999995339,0.6200000000000045
240,0.05446129028081894,0.5373869833946228,1.9399999999999977,12.329999999999998,0.0,0.6500000000000057
241,0.057383599042892454,0.5114194827079773,1.9579999999999984,11.730000000000004,0.001999999999995339,0.5300000000000011
242,0.056002911050319674,0.5682655711174012,1.941999999999993,12.299999999999997,0.001999999999995339,0.519999999999996
243,0.056754408049583434,0.5190361240386963,2.0460000000000065,11.689999999999998,0.0,0.5300000000000011
244,0.05540314494311809,0.46591861458718775,1.9599999999999937,11.099999999999994,0.006000000000000227,0.5300000000000011
245,0.053362643835544586,0.5159761758208274,1.9099999999999966,11.709999999999994,0.001999999999995339,0.5499999999999972
246,0.0573211988222599,0.4975504648089409,2.0019999999999953,11.760000000000005,0.0,0.6599999999999966
247,0.0498484810435772,0.5618638049125672,1.6899999999999977,12.150000000000006,0.001999999999995339,0.5699999999999932
248,0.0559030744934082,0.5044442225635052,2.0,11.629999999999995,0.0040000000000048885,0.5900000000000034
249,0.05611024107217789,0.5171375114440918,1.9879999999999995,11.969999999999999,0.0040000000000048885,0.6299999999999955
250,0.05019458683013916,0.4786761850357056,1.774000000000001,11.25,0.001999999999995339,0.5999999999999943
251,0.05108837801337242,0.5257392149209976,1.7819999999999965,11.939999999999998,0.0,0.6200000000000045
252,0.05047297444343567,0.5607394253015519,1.8220000000000027,12.480000000000004,0.0040000000000048885,0.6200000000000045
253,0.054432378937006,0.5307840257644654,1.9620000000000033,11.900000000000006,0.0,0.5900000000000034
254,0.051988323298692705,0.46528783106803895,1.843999999999994,11.209999999999994,0.001999999999995339,0.5300000000000011
255,0.04847729544043541,0.5040423625946044,1.7019999999999982,11.420000000000002,0.0,0.730000000000004
256,0.052171371431350706,0.5183940951347351,1.8299999999999983,11.569999999999993,0.001999999999995339,0.6099999999999994
257,0.04730600846529007,0.49609332790374755,1.6899999999999977,11.400000000000006,0.0,0.5799999999999983
258,0.046219563694000244,0.4661613746643066,1.6340000000000003,10.549999999999997,0.0,0.46999999999999886
259,0.04606674374818802,0.5244188880920411,1.695999999999998,11.719999999999999,0.0,0.5999999999999943
260,0.05040362742304802,0.5003636909484863,1.7379999999999995,11.629999999999995,0.001999999999995339,0.6200000000000045
261,0.05043516938686371,0.475019194984436,1.808000000000007,11.14,0.0,0.5600000000000023
262,0.049253576264381406,0.5270254018783569,1.7319999999999993,11.769999999999996,0.001999999999995339,0.6299999999999955
263,0.04868875459909439,0.47309679641723634,1.6620000000000061,11.14,0.0,0.4899999999999949
264,0.04527421229302883,0.48725877690315245,1.5759999999999934,11.230000000000004,0.001999999999995339,0.480000000000004
265,0.04738906858682632,0.4716322642326355,1.6800000000000068,11.099999999999994,0.0,0.45000000000000284
266,0.04504895972251892,0.5242159435272217,1.5799999999999983,11.739999999999995,0.0,0.6800000000000068
267,0.047556869682073594,0.5310444810599089,1.7019999999999982,11.799999999999997,0.0,0.6500000000000057
268,0.04716020122051239,0.5165294913768769,1.6700000000000017,11.310000000000002,0.0040000000000048885,0.6800000000000068
269,0.046661981880664824,0.5040125409126281,1.6539999999999964,11.120000000000005,0.001999999999995339,0.5999999999999943
270,0.04585337175011635,0.5310439728736878,1.608000000000004,11.670000000000002,0.0,0.5799999999999983
271,0.04358703651189804,0.5371972265005112,1.5679999999999978,11.629999999999995,0.001999999999995339,0.6700000000000017
272,0.04491298899412155,0.4886822244644165,1.573999999999998,10.829999999999998,0.001999999999995339,0.6200000000000045
273,0.04393150547504425,0.5209992967605591,1.4819999999999993,11.459999999999994,0.001999999999995339,0.5499999999999972
274,0.045224381818771364,0.5023864130020141,1.5699999999999932,11.409999999999997,0.0,0.5699999999999932
275,0.04527380402684212,0.5221039368152618,1.6280000000000001,11.689999999999998,0.0,0.480000000000004
276,0.04484686276435852,0.49450900728702546,1.5840000000000032,11.0,0.0040000000000048885,0.45999999999999375
277,0.042200357751846315,0.49795759420394897,1.4680000000000035,10.959999999999994,0.001999999999995339,0.5999999999999943
278,0.044606953642368316,0.5034109771847725,1.4939999999999998,10.879999999999995,0.001999999999995339,0.5799999999999983
279,0.03859407141923905,0.5756543846130371,1.2579999999999956,12.090000000000003,0.001999999999995339,0.6500000000000057
280,0.04148626152276993,0.5172509874820709,1.4639999999999986,11.129999999999995,0.0,0.6700000000000017
281,0.040709299669265744,0.5832826354026794,1.456000000000003,12.260000000000005,0.0,0.6700000000000017
282,0.04362976917028427,0.47002057137489317,1.4779999999999944,10.61,0.0040000000000048885,0.4899999999999949
283,0.04039845975875855,0.5691071851730347,1.4140000000000015,11.819999999999993,0.0040000000000048885,0.730000000000004
284,0.04278372316598892,0.5813165535926819,1.5300000000000011,12.239999999999995,0.0,0.730000000000004
285,0.04253075706720352,0.5150985311508178,1.5679999999999978,11.36,0.0,0.5999999999999943
286,0.04056051820397377,0.4871967864990234,1.3780000000000001,10.920000000000002,0.007999999999995566,0.6400000000000006
287,0.04008867486953736,0.5351366032242775,1.4320000000000022,11.370000000000005,0.0,0.5300000000000011
288,0.03956954654276371,0.5158287284851074,1.3840000000000003,11.030000000000001,0.0,0.5499999999999972
289,0.03922731188774109,0.5396245306015015,1.3640000000000043,11.420000000000002,0.001999999999995339,0.6899999999999977
290,0.03662105746269226,0.5389994568824769,1.2879999999999967,11.290000000000006,0.0,0.7900000000000063
291,0.03896007603287697,0.5535752709984779,1.3259999999999934,12.150000000000006,0.001999999999995339,0.6400000000000006
292,0.03831694064855576,0.5352765104293823,1.402000000000001,11.819999999999993,0.001999999999995339,0.480000000000004
293,0.03848611268162727,0.5034065717697144,1.3599999999999994,10.700000000000003,0.0040000000000048885,0.6700000000000017
294,0.035502711098194126,0.5655407483100892,1.225999999999999,11.799999999999997,0.0,0.6700000000000017
295,0.0376368523144722,0.5289921049118042,1.2980000000000018,11.14,0.0,0.769999999999996
296,0.036228985106945034,0.5021080280780792,1.2600000000000051,10.799999999999997,0.0,0.6200000000000045
297,0.03518848249971867,0.5626554295301437,1.2639999999999958,11.049999999999997,0.0040000000000048885,0.6500000000000057
298,0.03838125060081482,0.5230096985816955,1.3559999999999945,11.260000000000005,0.0,0.5699999999999932
299,0.03614304981470108,0.5184801510810852,1.2560000000000002,10.959999999999994,0.0,0.5799999999999983
300,0.039171012082099915,0.514077723121643,1.3719999999999999,10.879999999999995,0.0040000000000048885,0.6400000000000006
301,0.03505023415029049,0.510543694448471,1.1800000000000068,10.909999999999997,0.0,0.5300000000000011
302,0.03649251515865326,0.5206522902488708,1.2960000000000065,10.86,0.0040000000000048885,0.5400000000000063
303,0.03501581877231598,0.5773343648910523,1.2339999999999947,11.719999999999999,0.0,0.5999999999999943
304,0.03633100087195635,0.5167469958782196,1.313999999999993,10.909999999999997,0.006000000000000227,0.6500000000000057
305,0.03421154265165329,0.5628508088111878,1.195999999999998,11.700000000000003,0.001999999999995339,0.5
306,0.03336865150213242,0.5159428211212158,1.1599999999999966,11.090000000000003,0.0,0.7399999999999949
307,0.03435304504394531,0.5231716457366944,1.2079999999999984,11.150000000000006,0.0,0.5699999999999932
308,0.03199764527797699,0.544967224407196,1.097999999999999,11.340000000000003,0.001999999999995339,0.6599999999999966
309,0.03319219726085663,0.5438229459762574,1.1659999999999968,11.659999999999997,0.001999999999995339,0.5799999999999983
310,0.03493013808429241,0.5265823859214783,1.2219999999999942,11.230000000000004,0.0,0.4899999999999949
311,0.03243656702518463,0.552294764995575,1.093999999999994,11.36,0.0,0.519999999999996
312,0.03294849244296551,0.5644099448204041,1.0799999999999983,11.900000000000006,0.0,0.6099999999999994
313,0.03223389443397522,0.5242636682510377,1.1359999999999957,10.980000000000004,0.0,0.5499999999999972
314,0.034646146774291994,0.5186376132011413,1.25,10.920000000000002,0.0,0.6200000000000045
315,0.03231636273980141,0.5116207988858223,1.1479999999999961,11.090000000000003,0.0,0.4899999999999949
316,0.031663291709423065,0.5144888799667359,1.1200000000000045,10.939999999999998,0.0,0.6899999999999977
317,0.033278324959278106,0.5371681140422822,1.1119999999999948,11.420000000000002,0.001999999999995339,0.5400000000000063
318,0.030131866649985312,0.5178270541191101,1.0759999999999934,10.930000000000007,0.001999999999995339,0.6800000000000068
319,0.03393736941158772,0.5377063044548035,1.2120000000000033,11.209999999999994,0.0,0.46999999999999886
320,0.03187995964288712,0.5685504014074803,1.0660000000000025,11.579999999999998,0.001999999999995339,0.6099999999999994
321,0.03339831997871399,0.49905910725593566,1.1299999999999955,10.420000000000002,0.0,0.6099999999999994
322,0.0300160980451107,0.5207835826873779,0.9879999999999995,10.969999999999999,0.0,0.5999999999999943
323,0.029172547993659974,0.4953660801410675,1.0040000000000049,10.790000000000006,0.0,0.6099999999999994
324,0.030457479575872422,0.5432439768791198,1.0859999999999985,11.159999999999997,0.0,0.6500000000000057
325,0.029163543125987054,0.5414856855869293,1.0220000000000056,11.060000000000002,0.0,0.6200000000000045
326,0.028478089303970337,0.5101438165187836,0.9479999999999933,10.819999999999993,0.001999999999995339,0.45999999999999375
327,0.02783071930959821,0.4995394006252289,0.9560000000000031,10.39,0.001999999999995339,0.5499999999999972
328,0.026619786598682405,0.5372527571201324,0.9300000000000068,11.170000000000002,0.0,0.5499999999999972
329,0.028424561409950255,0.526416163444519,0.9920000000000044,10.709999999999994,0.001999999999995339,0.5600000000000023
330,0.028001761580705643,0.5193449522018433,0.9839999999999947,10.670000000000002,0.0,0.5999999999999943
331,0.029282062032222746,0.5253277400016785,1.024000000000001,10.680000000000007,0.0,0.6099999999999994
332,0.02729012607216835,0.5292092443466186,0.9140000000000015,11.040000000000006,0.0,0.730000000000004
333,0.030651750868558883,0.5239029666900635,1.0799999999999983,10.560000000000002,0.001999999999995339,0.5799999999999983
334,0.02747172484636307,0.505648610496521,0.936000000000007,10.590000000000003,0.0,0.5600000000000023
335,0.025264913296699523,0.4972456220626831,0.8259999999999934,10.329999999999998,0.001999999999995339,0.45999999999999375
336,0.026040704798698425,0.4962197399139404,0.8880000000000052,10.629999999999995,0.001999999999995339,0.519999999999996
337,0.02651895083427429,0.5052447744369507,0.8900000000000006,10.769999999999996,0.0,0.4899999999999949
338,0.027390831758975984,0.5584326427459717,0.9440000000000026,11.489999999999995,0.001999999999995339,0.6200000000000045
339,0.027736620020866395,0.5539289562225341,0.9759999999999991,11.069999999999993,0.0,0.6599999999999966
340,0.02519739178419113,0.5071166862487793,0.8859999999999957,10.709999999999994,0.0,0.45000000000000284
341,0.02616151311516762,0.5209739169120788,0.8940000000000055,10.680000000000007,0.001999999999995339,0.5999999999999943
342,0.023700103279352187,0.5004590487122536,0.8299999999999983,10.239999999999995,0.0,0.5300000000000011
343,0.02545228162407875,0.5112524557590484,0.9120000000000061,10.400000000000006,0.0,0.5499999999999972
344,0.024421652884483336,0.5137185057640076,0.8199999999999932,10.939999999999998,0.0,0.519999999999996
345,0.02579991027712822,0.5226011980056763,0.9060000000000059,10.840000000000003,0.0,0.5499999999999972
346,0.02236637755036354,0.5063182136535644,0.730000000000004,10.36,0.0,0.5100000000000051
347,0.023214528707265855,0.5088944212913513,0.804000000000002,10.349999999999994,0.0,0.5499999999999972
348,0.022043481163680552,0.5211408424854278,0.7379999999999995,10.709999999999994,0.0,0.5499999999999972
349,0.0238676562166214,0.533660857784748,0.7879999999999967,10.590000000000003,0.0,0.5300000000000011
350,0.02480807143330574,0.511634001159668,0.847999999999999,10.760000000000005,0.0,0.5699999999999932
351,0.022971331671476365,0.5550656619071961,0.7960000000000065,10.769999999999996,0.001999999999995339,0.6400000000000006
352,0.0239414279794693,0.5181627215385437,0.8299999999999983,10.650000000000006,0.0,0.5300000000000011
353,0.024561232038736343,0.5113670582771301,0.8780000000000001,10.700000000000003,0.001999999999995339,0.5600000000000023
354,0.023933962500095367,0.5367822870731354,0.8340000000000032,10.549999999999997,0.001999999999995339,0.6700000000000017
355,0.02206445762142539,0.5180925776481629,0.7439999999999998,10.579999999999998,0.0,0.5900000000000034
356,0.021272099592387676,0.5319984952569008,0.7540000000000049,10.230000000000004,0.001999999999995339,0.5699999999999932
357,0.021299924702644347,0.5356240299224854,0.7120000000000033,10.670000000000002,0.0,0.6299999999999955
358,0.024864649401903152,0.5275579942703247,0.8799999999999955,10.730000000000004,0.001999999999995339,0.5600000000000023
359,0.021961839993968606,0.5126933818817139,0.7480000000000047,10.489999999999995,0.0,0.5100000000000051
360,0.019153503288030626,0.5366562024116516,0.6440000000000055,10.590000000000003,0.0,0.5699999999999932
361,0.023131909466385842,0.5334881608963012,0.8100000000000023,10.560000000000002,0.0,0.5999999999999943
362,0.021047498807646333,0.49517037401199343,0.6979999999999933,10.219999999999999,0.0,0.46999999999999886
363,0.020350129725933076,0.5245351359844208,0.7279999999999944,10.400000000000006,0.0,0.5699999999999932
364,0.021122251784801482,0.5128073006629944,0.6899999999999977,10.439999999999998,0.001999999999995339,0.5
365,0.02085894392609596,0.5183542365074157,0.6880000000000024,10.260000000000005,0.0,0.480000000000004
366,0.020900105418227614,0.5255425235748291,0.7420000000000044,10.260000000000005,0.0,0.5799999999999983
367,0.02041511039674282,0.5231747113227844,0.6800000000000068,10.450000000000003,0.001999999999995339,0.6299999999999955
368,0.020226432346105577,0.5023900804996491,0.6880000000000024,10.400000000000006,0.0,0.5400000000000063
369,0.022016125371456145,0.5150540589332581,0.7560000000000002,10.209999999999994,0.0,0.6299999999999955
370,0.019369039186239244,0.48917591485977174,0.652000000000001,10.099999999999994,0.0,0.4899999999999949
371,0.018905662027671934,0.5166834346771241,0.6280000000000001,10.060000000000002,0.0,0.5400000000000063
372,0.018305669024586677,0.5398078129768371,0.6440000000000055,10.620000000000005,0.0,0.4399999999999977
373,0.01993698958158493,0.5241721809387208,0.6899999999999977,10.379999999999995,0.0,0.5699999999999932
374,0.0192306180870533,0.49608076622486114,0.671999999999997,10.069999999999993,0.0,0.519999999999996
375,0.018239810743406415,0.5011873478889466,0.6299999999999955,10.11,0.0,0.519999999999996
376,0.01832785724595189,0.5239639357089997,0.6140000000000043,10.370000000000005,0.0,0.5699999999999932
377,0.017183794901371,0.5195372786998749,0.6039999999999992,10.310000000000002,0.001999999999995339,0.6299999999999955
378,0.019071010419130327,0.5425794633865356,0.6560000000000059,10.480000000000004,0.001999999999995339,0.6500000000000057
379,0.01851113510489464,0.5269201760292053,0.6280000000000001,10.040000000000006,0.0,0.6500000000000057
380,0.019801104586571455,0.5034211040496827,0.7099999999999937,10.019999999999996,0.0,0.5400000000000063
381,0.01925368525981903,0.520060649728775,0.6700000000000017,10.049999999999997,0.0,0.45999999999999375
382,0.01796058502316475,0.5157781094551086,0.5919999999999987,10.150000000000006,0.0,0.6400000000000006
383,0.017730324140638114,0.495540223300457,0.6020000000000039,10.349999999999994,0.0,0.5300000000000011
384,0.015928153098225595,0.5025116206288338,0.5180000000000007,10.14,0.0,0.5300000000000011
385,0.016099280337095262,0.5123374798774719,0.5420000000000016,10.049999999999997,0.0,0.5
386,0.015642878626734018,0.5300759687900544,0.5379999999999967,10.299999999999997,0.0,0.6400000000000006
387,0.015429349031597376,0.5237737004280091,0.480000000000004,10.219999999999999,0.001999999999995339,0.6700000000000017
388,0.01675005233824253,0.5349683248996735,0.5999999999999943,10.170000000000002,0.0,0.5900000000000034
389,0.01617178258061409,0.5262412311077118,0.5559999999999974,10.340000000000003,0.0,0.45999999999999375
390,0.01551756305038929,0.5133012773036957,0.5480000000000018,10.159999999999997,0.0,0.5300000000000011
391,0.016982525285482407,0.5201596320152283,0.5879999999999939,10.370000000000005,0.0,0.5100000000000051
392,0.016786107968091966,0.519466700065136,0.5900000000000034,10.260000000000005,0.0,0.5499999999999972
393,0.014712356713712215,0.525139105540514,0.4939999999999998,10.079999999999998,0.0,0.6099999999999994
394,0.01581630015015602,0.5228517189741134,0.5319999999999965,10.510000000000005,0.001999999999995339,0.5699999999999932
395,0.015849275122880934,0.5207856827378273,0.5220000000000056,9.799999999999997,0.0,0.6400000000000006
396,0.01633350494787097,0.544989953994751,0.5619999999999976,10.700000000000003,0.0,0.5900000000000034
397,0.014299947863221169,0.5371647157669067,0.5079999999999956,10.489999999999995,0.0,0.6400000000000006
398,0.014213291019797325,0.5258630062580109,0.49200000000000443,10.36,0.0,0.4200000000000017
399,0.014343141178488731,0.5041128668904304,0.48399999999999466,9.870000000000005,0.0,0.5799999999999983
400,0.01284329869389534,0.5319302990436554,0.402000000000001,10.069999999999993,0.0,0.6099999999999994
401,0.01348922666400671,0.5454259350776672,0.4479999999999933,10.549999999999997,0.0,0.519999999999996
402,0.014793501228690147,0.5514265380471944,0.5120000000000005,10.430000000000007,0.0,0.6099999999999994
403,0.013270258537381887,0.5289696068048477,0.44599999999999795,10.25,0.0,0.5600000000000023
404,0.012991123477816582,0.5234792771339416,0.45000000000000284,10.049999999999997,0.0,0.5799999999999983
405,0.01252980770111084,0.5288605215251446,0.4240000000000066,10.450000000000003,0.0,0.4899999999999949
406,0.013863361678123473,0.5361793256282806,0.4399999999999977,10.209999999999994,0.0,0.6299999999999955
407,0.013758465934991837,0.5250338493824005,0.5139999999999958,10.260000000000005,0.0,0.5400000000000063
408,0.012177886766195297,0.5346549751281738,0.38800000000000523,9.879999999999995,0.0,0.5100000000000051
409,0.013345874346792698,0.5609019916534423,0.45000000000000284,10.39,0.0,0.769999999999996
410,0.013546594922244548,0.5226754282236099,0.44599999999999795,10.230000000000004,0.0,0.519999999999996
411,0.013915483888983726,0.5278510528087615,0.4719999999999942,10.099999999999994,0.0,0.5900000000000034
412,0.013260914299488068,0.5364239960670472,0.4240000000000066,10.189999999999998,0.0,0.6299999999999955
413,0.012239835927784442,0.5181164265155792,0.40800000000000125,10.11,0.0,0.6299999999999955
414,0.011193526369482279,0.5194679373264313,0.3580000000000041,10.060000000000002,0.0,0.6700000000000017
415,0.012188303006738425,0.5451238699674607,0.38800000000000523,10.11,0.0,0.5900000000000034
416,0.01338435389816761,0.5360434150218963,0.42199999999999704,10.120000000000005,0.0,0.6099999999999994
417,0.012031892635300755,0.5179061590909958,0.41200000000000614,9.909999999999997,0.0,0.5
418,0.01209469083726406,0.5289664312362671,0.43600000000000705,9.930000000000007,0.0,0.5300000000000011
419,0.012771453461647033,0.5290377857446671,0.4240000000000066,10.040000000000006,0.0,0.519999999999996
420,0.012792620147168636,0.5305280913352967,0.45000000000000284,10.439999999999998,0.0,0.5600000000000023
421,0.011752344877719879,0.5297631446599961,0.39400000000000546,10.25,0.0,0.5999999999999943
422,0.011889054610133171,0.5295864530086517,0.39799999999999613,10.0,0.0,0.5799999999999983
423,0.012550051236748695,0.5309941240042448,0.43600000000000705,10.060000000000002,0.0,0.5
424,0.011398263745307922,0.5210779750823975,0.38800000000000523,10.150000000000006,0.0,0.519999999999996
425,0.011931398756504058,0.5194801424980163,0.3780000000000001,10.200000000000003,0.0,0.4399999999999977
426,0.01174671004936099,0.5080411602020264,0.3739999999999952,9.989999999999995,0.0,0.5600000000000023
427,0.01156977921694517,0.5130270150184632,0.367999999999995,9.900000000000006,0.0,0.519999999999996
428,0.010630321135520935,0.5461853451251983,0.3359999999999985,10.170000000000002,0.0,0.5600000000000023
429,0.01022502273261547,0.5235006524562835,0.3340000000000032,10.069999999999993,0.0,0.5400000000000063
430,0.0100309594643116,0.5161502358436585,0.31399999999999295,9.870000000000005,0.0,0.5600000000000023
431,0.01074521317154169,0.5282091535568237,0.347999999999999,9.799999999999997,0.0,0.5400000000000063
432,0.010201399821341038,0.5266311266899109,0.3400000000000034,10.159999999999997,0.0,0.5900000000000034
433,0.009671081665754318,0.5234563382387162,0.3299999999999983,9.810000000000002,0.0,0.5600000000000023
434,0.010102948115468025,0.5231379266977311,0.30400000000000205,10.019999999999996,0.0,0.5
435,0.008618699063584208,0.5199389081954956,0.27200000000000557,9.540000000000006,0.0,0.6400000000000006
436,0.010708244870007037,0.5304985749959946,0.34199999999999875,9.840000000000003,0.0,0.6099999999999994
437,0.010094672407619656,0.534024385881424,0.34600000000000364,10.120000000000005,0.0,0.4899999999999949
438,0.00984431875884533,0.5186039959430695,0.33799999999999386,10.14,0.0,0.5999999999999943
439,0.009766095992848276,0.5092641901493072,0.32200000000000273,9.689999999999998,0.0,0.5499999999999972
440,0.009567023121118545,0.5238293606996536,0.29999999999999716,9.870000000000005,0.0,0.5900000000000034
441,0.009589139730334283,0.5187655101537705,0.32399999999999807,9.840000000000003,0.0,0.5100000000000051
442,0.009705849974155425,0.5110183094501496,0.30800000000000693,9.760000000000005,0.0,0.5600000000000023
443,0.008595775898098946,0.5123727516174317,0.2680000000000007,9.670000000000002,0.0,0.480000000000004
444,0.010569461699426174,0.5161429176807404,0.3640000000000043,9.950000000000003,0.0,0.5100000000000051
445,0.009398986070752144,0.5240700353622436,0.3100000000000023,9.75,0.0,0.5600000000000023
446,0.00975722552023828,0.52460928170681,0.2920000000000016,10.040000000000006,0.0,0.5799999999999983
447,0.00893148429095745,0.5299244463920594,0.25799999999999557,9.829999999999998,0.0,0.5499999999999972
448,0.008718096216619014,0.5164130218505859,0.29999999999999716,9.780000000000001,0.0,0.4399999999999977
449,0.009683972499072551,0.5215421617507935,0.31799999999999784,9.900000000000006,0.001999999999995339,0.480000000000004
450,0.008061155277639627,0.52106116604805,0.26600000000000534,10.019999999999996,0.0,0.5100000000000051
451,0.008758783783614636,0.5083498673915863,0.2780000000000058,9.61,0.0,0.4300000000000068
452,0.008119083381593227,0.5175470613002777,0.27200000000000557,9.849999999999994,0.0,0.5799999999999983
453,0.008940663067828864,0.5115125673294068,0.28600000000000136,9.840000000000003,0.0,0.5
454,0.008954853832870723,0.5138986435890198,0.2879999999999967,9.560000000000002,0.0,0.5999999999999943
455,0.007953948403596879,0.5185034863948822,0.25799999999999557,9.790000000000006,0.0,0.5600000000000023
456,0.008097128851413726,0.5267847325325012,0.25199999999999534,9.760000000000005,0.0,0.6299999999999955
457,0.008418087199442089,0.5181612005233764,0.2780000000000058,9.89,0.001999999999995339,0.5799999999999983
458,0.008601142742335796,0.5053879731655121,0.269999999999996,9.549999999999997,0.0,0.4200000000000017
459,0.008423937697708607,0.5021485622882843,0.26600000000000534,9.659999999999997,0.0,0.4300000000000068
460,0.007973094899356365,0.5090475080013275,0.23999999999999488,9.680000000000007,0.0,0.5900000000000034
461,0.008688300221934914,0.5125848726272583,0.2740000000000009,9.670000000000002,0.0,0.5400000000000063
462,0.0072768050141632555,0.5097240899562836,0.21399999999999864,9.439999999999998,0.0,0.46999999999999886
463,0.0073439061740040775,0.5180200274944305,0.21999999999999886,9.819999999999993,0.0,0.4899999999999949
464,0.00790276283621788,0.5119049705505371,0.24399999999999977,9.790000000000006,0.0,0.5300000000000011
465,0.00819827476412058,0.5210004645168781,0.2540000000000049,9.840000000000003,0.0,0.6299999999999955
466,0.007139948278069496,0.5123938527107239,0.23000000000000398,9.819999999999993,0.0,0.5100000000000051
467,0.007040301756858825,0.5174351293325424,0.22400000000000375,9.810000000000002,0.0,0.5300000000000011
468,0.007030109177194536,0.5232925999403,0.23199999999999932,9.540000000000006,0.0,0.6500000000000057
469,0.007167929784357548,0.5061680609941482,0.24200000000000443,9.530000000000001,0.0,0.5699999999999932
470,0.006074590675979852,0.510514592552185,0.19400000000000261,9.579999999999998,0.0,0.5600000000000023
471,0.006726373840272426,0.5115710819721222,0.21399999999999864,9.36,0.0,0.5100000000000051
472,0.007453442043364048,0.5086786195874214,0.23199999999999932,9.719999999999999,0.0,0.5300000000000011
473,0.007568569188714028,0.5174051290273667,0.23000000000000398,9.799999999999997,0.0,0.5600000000000023
474,0.007411148326098919,0.5224439542293549,0.21399999999999864,9.86,0.0,0.5400000000000063
475,0.007015359504744411,0.5217793087720871,0.21599999999999397,9.64,0.0,0.5100000000000051
476,0.006635432830937206,0.522616895699501,0.20399999999999352,9.849999999999994,0.0,0.5400000000000063
477,0.007451140366494656,0.5136300542354584,0.24200000000000443,9.780000000000001,0.0,0.6200000000000045
478,0.007294253698587418,0.5073900198757648,0.20999999999999375,9.819999999999993,0.0,0.5
479,0.007590856178998947,0.5000440199375152,0.25,9.599999999999994,0.0,0.5300000000000011
480,0.007213971093297005,0.5107866510093212,0.2219999999999942,9.879999999999995,0.0,0.4300000000000068
481,0.006672456979155541,0.5208294651031494,0.20199999999999818,9.930000000000007,0.0,0.4899999999999949
482,0.006835097916647792,0.521259703540802,0.19400000000000261,9.620000000000005,0.0,0.5799999999999983
483,0.007203619227409363,0.5104838375449181,0.2219999999999942,10.040000000000006,0.0,0.5100000000000051
484,0.006774499050974846,0.5086638875961303,0.1979999999999933,9.659999999999997,0.0,0.5699999999999932
485,0.00718608885705471,0.4860351652622223,0.2079999999999984,9.280000000000001,0.0,0.5600000000000023
486,0.006645461174249649,0.5080462919831276,0.2079999999999984,9.560000000000002,0.0,0.5400000000000063
487,0.007040756138563156,0.5170856225252152,0.20600000000000307,9.680000000000007,0.0,0.480000000000004
488,0.006849508016109467,0.5087617306947708,0.21999999999999886,9.939999999999998,0.0,0.5100000000000051
489,0.007922898018956185,0.4916971379160881,0.2639999999999958,9.400000000000006,0.0,0.37000000000000455
490,0.006094091193974018,0.5005274163961411,0.17600000000000193,9.569999999999993,0.0,0.5499999999999972
491,0.0066665696098282936,0.5020995686411858,0.2259999999999991,9.290000000000006,0.0,0.45999999999999375
492,0.006317695553675294,0.5110155984461308,0.19199999999999307,9.709999999999994,0.0,0.5799999999999983
493,0.006770270235836506,0.5132251349687577,0.20399999999999352,9.790000000000006,0.0,0.39000000000000057
494,0.005728101083636284,0.5152792221546173,0.16800000000000637,9.400000000000006,0.0,0.5400000000000063
495,0.006554695641174913,0.49691711173057557,0.19400000000000261,9.510000000000005,0.0,0.519999999999996
496,0.006406952542671934,0.5064715353488922,0.2079999999999984,9.329999999999998,0.0,0.5
497,0.006475258689522743,0.5055488819122315,0.1880000000000024,9.579999999999998,0.0,0.5100000000000051
498,0.0063646173021197315,0.501975886297226,0.16800000000000637,9.75,0.0,0.5100000000000051
499,0.006680732417106629,0.5220568984031677,0.2079999999999984,9.709999999999994,0.0,0.5499999999999972
500,0.006542690852582455,0.5123233270607889,0.18999999999999773,9.519999999999996,0.0,0.45000000000000284
